Time,"elementCenter:0","elementCenter:1","elementCenter:2","pressure","temperature"
50000,nan,nan,nan,nan,nan
50000,nan,nan,nan,nan,nan
50000,nan,nan,nan,nan,nan
50000,nan,nan,nan,nan,nan
50000,nan,nan,nan,nan,nan
50000,nan,nan,nan,nan,nan
50000,nan,nan,nan,nan,nan
50000,nan,nan,nan,nan,nan
50000,nan,nan,nan,nan,nan
50000,nan,nan,nan,nan,nan
50000,nan,nan,nan,nan,nan
50000,nan,nan,nan,nan,nan
50000,nan,nan,nan,nan,nan
50000,nan,nan,nan,nan,nan
50000,nan,nan,nan,nan,nan
50000,nan,nan,nan,nan,nan
50000,nan,nan,nan,nan,nan
50000,nan,nan,nan,nan,nan
50000,nan,nan,nan,nan,nan
50000,nan,nan,nan,nan,nan
50000,nan,nan,nan,nan,nan
50000,nan,nan,nan,nan,nan
50000,nan,nan,nan,nan,nan
50000,nan,nan,nan,nan,nan
50000,nan,nan,nan,nan,nan
50000,nan,nan,nan,nan,nan
50000,nan,nan,nan,nan,nan
50000,nan,nan,nan,nan,nan
50000,nan,nan,nan,nan,nan
50000,nan,nan,nan,nan,nan
50000,nan,nan,nan,nan,nan
50000,nan,nan,nan,nan,nan
50000,nan,nan,nan,nan,nan
50000,nan,nan,nan,nan,nan
50000,nan,nan,nan,nan,nan
50000,nan,nan,nan,nan,nan
50000,nan,nan,nan,nan,nan
50000,nan,nan,nan,nan,nan
50000,nan,nan,nan,nan,nan
50000,nan,nan,nan,nan,nan
50000,nan,nan,nan,nan,nan
50000,nan,nan,nan,nan,nan
50000,nan,nan,nan,nan,nan
50000,nan,nan,nan,nan,nan
50000,nan,nan,nan,nan,nan
50000,nan,nan,nan,nan,nan
50000,nan,nan,nan,nan,nan
50000,nan,nan,nan,nan,nan
50000,nan,nan,nan,nan,nan
50000,nan,nan,nan,nan,nan
50000,nan,nan,nan,nan,nan
50000,nan,nan,nan,nan,nan
50000,nan,nan,nan,nan,nan
50000,nan,nan,nan,nan,nan
50000,nan,nan,nan,nan,nan
50000,nan,nan,nan,nan,nan
50000,nan,nan,nan,nan,nan
50000,nan,nan,nan,nan,nan
50000,nan,nan,nan,nan,nan
50000,nan,nan,nan,nan,nan
50000,nan,nan,nan,nan,nan
50000,nan,nan,nan,nan,nan
50000,nan,nan,nan,nan,nan
50000,nan,nan,nan,nan,nan
50000,nan,nan,nan,nan,nan
50000,nan,nan,nan,nan,nan
50000,nan,nan,nan,nan,nan
50000,nan,nan,nan,nan,nan
50000,nan,nan,nan,nan,nan
50000,nan,nan,nan,nan,nan
50000,nan,nan,nan,nan,nan
50000,nan,nan,nan,nan,nan
50000,nan,nan,nan,nan,nan
50000,nan,nan,nan,nan,nan
50000,nan,nan,nan,nan,nan
50000,nan,nan,nan,nan,nan
50000,nan,nan,nan,nan,nan
50000,nan,nan,nan,nan,nan
50000,nan,nan,nan,nan,nan
50000,nan,nan,nan,nan,nan
50000,nan,nan,nan,nan,nan
50000,nan,nan,nan,nan,nan
50000,nan,nan,nan,nan,nan
50000,nan,nan,nan,nan,nan
50000,nan,nan,nan,nan,nan
50000,nan,nan,nan,nan,nan
50000,nan,nan,nan,nan,nan
50000,nan,nan,nan,nan,nan
50000,nan,nan,nan,nan,nan
50000,nan,nan,nan,nan,nan
50000,nan,nan,nan,nan,nan
50000,nan,nan,nan,nan,nan
50000,nan,nan,nan,nan,nan
50000,nan,nan,nan,nan,nan
50000,nan,nan,nan,nan,nan
50000,nan,nan,nan,nan,nan
50000,nan,nan,nan,nan,nan
50000,nan,nan,nan,nan,nan
50000,nan,nan,nan,nan,nan
50000,nan,nan,nan,nan,nan
50000,0.10099,0.0009915,0.05,4623.8,99.199
50000,0.10099,0.0009915,0.05,4623.8,99.199
50000,0.10299,0.0010111,0.05,13685,97.628
50000,0.10299,0.0010111,0.05,13685,97.628
50000,0.10499,0.0010308,0.05,22567,96.087
50000,0.10499,0.0010308,0.05,22567,96.087
50000,0.10734,0.0010538,0.05,32796,94.311
50000,0.10734,0.0010538,0.05,32796,94.311
50000,0.10734,0.0010538,0.05,32796,94.311
50000,0.11004,0.0010803,0.05,44244,92.322
50000,0.11004,0.0010803,0.05,44244,92.322
50000,0.11004,0.0010803,0.05,44244,92.322
50000,0.11274,0.0011068,0.05,55397,90.382
50000,0.11274,0.0011068,0.05,55397,90.382
50000,0.11274,0.0011068,0.05,55397,90.382
50000,0.11544,0.0011334,0.05,66268,88.489
50000,0.11544,0.0011334,0.05,66268,88.489
50000,0.11814,0.0011599,0.05,76867,86.641
50000,0.11814,0.0011599,0.05,76867,86.641
50000,0.11814,0.0011599,0.05,76867,86.641
50000,0.12084,0.0011864,0.05,87204,84.836
50000,0.12084,0.0011864,0.05,87204,84.836
50000,0.12084,0.0011864,0.05,87204,84.836
50000,0.12354,0.0012129,0.05,97287,83.072
50000,0.12354,0.0012129,0.05,97287,83.072
50000,0.12624,0.0012394,0.05,1.0713e+05,81.348
50000,0.12624,0.0012394,0.05,1.0713e+05,81.348
50000,0.12624,0.0012394,0.05,1.0713e+05,81.348
50000,0.12894,0.0012659,0.05,1.1673e+05,79.663
50000,0.12894,0.0012659,0.05,1.1673e+05,79.663
50000,0.12894,0.0012659,0.05,1.1673e+05,79.663
50000,0.13164,0.0012924,0.05,1.261e+05,78.015
50000,0.13164,0.0012924,0.05,1.261e+05,78.015
50000,0.1343,0.0013185,0.05,1.3512e+05,76.425
50000,0.1343,0.0013185,0.05,1.3512e+05,76.425
50000,0.1343,0.0013185,0.05,1.3512e+05,76.425
50000,0.13695,0.0013445,0.05,1.4388e+05,74.877
50000,0.13695,0.0013445,0.05,1.4388e+05,74.877
50000,0.13695,0.0013445,0.05,1.4388e+05,74.877
50000,0.13965,0.001371,0.05,1.5262e+05,73.33
50000,0.13965,0.001371,0.05,1.5262e+05,73.33
50000,0.13965,0.001371,0.05,1.5262e+05,73.33
50000,0.1424,0.0013981,0.05,1.6131e+05,71.786
50000,0.1424,0.0013981,0.05,1.6131e+05,71.786
50000,0.14521,0.0014256,0.05,1.6997e+05,70.246
50000,0.14521,0.0014256,0.05,1.6997e+05,70.246
50000,0.14521,0.0014256,0.05,1.6997e+05,70.246
50000,0.14807,0.0014538,0.05,1.7857e+05,68.708
50000,0.14807,0.0014538,0.05,1.7857e+05,68.708
50000,0.14807,0.0014538,0.05,1.7857e+05,68.708
50000,0.151,0.0014824,0.05,1.8713e+05,67.174
50000,0.151,0.0014824,0.05,1.8713e+05,67.174
50000,0.151,0.0014824,0.05,1.8713e+05,67.174
50000,0.15397,0.0015117,0.05,1.9564e+05,65.644
50000,0.15397,0.0015117,0.05,1.9564e+05,65.644
50000,0.15397,0.0015117,0.05,1.9564e+05,65.644
50000,0.15701,0.0015415,0.05,2.0409e+05,64.118
50000,0.15701,0.0015415,0.05,2.0409e+05,64.118
50000,0.15701,0.0015415,0.05,2.0409e+05,64.118
50000,0.16011,0.0015719,0.05,2.1248e+05,62.596
50000,0.16011,0.0015719,0.05,2.1248e+05,62.596
50000,0.16011,0.0015719,0.05,2.1248e+05,62.596
50000,0.16327,0.001603,0.05,2.208e+05,61.08
50000,0.16327,0.001603,0.05,2.208e+05,61.08
50000,0.16327,0.001603,0.05,2.208e+05,61.08
50000,0.16649,0.0016346,0.05,2.2905e+05,59.568
50000,0.16649,0.0016346,0.05,2.2905e+05,59.568
50000,0.16649,0.0016346,0.05,2.2905e+05,59.568
50000,0.16649,0.0016346,0.05,2.2905e+05,59.568
50000,0.16978,0.0016669,0.05,2.3723e+05,58.063
50000,0.16978,0.0016669,0.05,2.3723e+05,58.063
50000,0.16978,0.0016669,0.05,2.3723e+05,58.063
50000,0.17313,0.0016998,0.05,2.4532e+05,56.564
50000,0.17313,0.0016998,0.05,2.4532e+05,56.564
50000,0.17313,0.0016998,0.05,2.4532e+05,56.564
50000,0.17655,0.0017333,0.05,2.5332e+05,55.071
50000,0.17655,0.0017333,0.05,2.5332e+05,55.071
50000,0.17655,0.0017333,0.05,2.5332e+05,55.071
50000,0.17655,0.0017333,0.05,2.5332e+05,55.071
50000,0.18004,0.0017676,0.05,2.6124e+05,53.586
50000,0.18004,0.0017676,0.05,2.6124e+05,53.586
50000,0.18004,0.0017676,0.05,2.6124e+05,53.586
50000,0.18359,0.0018025,0.05,2.6905e+05,52.108
50000,0.18359,0.0018025,0.05,2.6905e+05,52.108
50000,0.18359,0.0018025,0.05,2.6905e+05,52.108
50000,0.18359,0.0018025,0.05,2.6905e+05,52.108
50000,0.18722,0.001838,0.05,2.7676e+05,50.639
50000,0.18722,0.001838,0.05,2.7676e+05,50.639
50000,0.18722,0.001838,0.05,2.7676e+05,50.639
50000,0.18722,0.001838,0.05,2.7676e+05,50.639
50000,0.19091,0.0018743,0.05,2.8435e+05,49.178
50000,0.19091,0.0018743,0.05,2.8435e+05,49.178
50000,0.19091,0.0018743,0.05,2.8435e+05,49.178
50000,0.19468,0.0019114,0.05,2.9183e+05,47.727
50000,0.19468,0.0019114,0.05,2.9183e+05,47.727
50000,0.19468,0.0019114,0.05,2.9183e+05,47.727
50000,0.19468,0.0019114,0.05,2.9183e+05,47.727
50000,0.19853,0.0019491,0.05,2.9918e+05,46.285
50000,0.19853,0.0019491,0.05,2.9918e+05,46.285
50000,0.19853,0.0019491,0.05,2.9918e+05,46.285
50000,0.19853,0.0019491,0.05,2.9918e+05,46.285
50000,0.20245,0.0019876,0.05,3.0639e+05,44.854
50000,0.20245,0.0019876,0.05,3.0639e+05,44.854
50000,0.20245,0.0019876,0.05,3.0639e+05,44.854
50000,0.20245,0.0019876,0.05,3.0639e+05,44.854
50000,0.20645,0.0020269,0.05,3.1347e+05,43.434
50000,0.20645,0.0020269,0.05,3.1347e+05,43.434
50000,0.20645,0.0020269,0.05,3.1347e+05,43.434
50000,0.20645,0.0020269,0.05,3.1347e+05,43.434
50000,0.21053,0.0020669,0.05,3.2039e+05,42.025
50000,0.21053,0.0020669,0.05,3.2039e+05,42.025
50000,0.21053,0.0020669,0.05,3.2039e+05,42.025
50000,0.21053,0.0020669,0.05,3.2039e+05,42.025
50000,0.21469,0.0021078,0.05,3.2716e+05,40.63
50000,0.21469,0.0021078,0.05,3.2716e+05,40.63
50000,0.21469,0.0021078,0.05,3.2716e+05,40.63
50000,0.21469,0.0021078,0.05,3.2716e+05,40.63
50000,0.21893,0.0021494,0.05,3.3376e+05,39.247
50000,0.21893,0.0021494,0.05,3.3376e+05,39.247
50000,0.21893,0.0021494,0.05,3.3376e+05,39.247
50000,0.21893,0.0021494,0.05,3.3376e+05,39.247
50000,0.21893,0.0021494,0.05,3.3376e+05,39.247
50000,0.22326,0.0021919,0.05,3.4019e+05,37.878
50000,0.22326,0.0021919,0.05,3.4019e+05,37.878
50000,0.22326,0.0021919,0.05,3.4019e+05,37.878
50000,0.22326,0.0021919,0.05,3.4019e+05,37.878
50000,0.22767,0.0022352,0.05,3.4643e+05,36.524
50000,0.22767,0.0022352,0.05,3.4643e+05,36.524
50000,0.22767,0.0022352,0.05,3.4643e+05,36.524
50000,0.22767,0.0022352,0.05,3.4643e+05,36.524
50000,0.23217,0.0022794,0.05,3.5248e+05,35.185
50000,0.23217,0.0022794,0.05,3.5248e+05,35.185
50000,0.23217,0.0022794,0.05,3.5248e+05,35.185
50000,0.23217,0.0022794,0.05,3.5248e+05,35.185
50000,0.23217,0.0022794,0.05,3.5248e+05,35.185
50000,0.23676,0.0023244,0.05,3.5832e+05,33.862
50000,0.23676,0.0023244,0.05,3.5832e+05,33.862
50000,0.23676,0.0023244,0.05,3.5832e+05,33.862
50000,0.23676,0.0023244,0.05,3.5832e+05,33.862
50000,0.23676,0.0023244,0.05,3.5832e+05,33.862
50000,0.24144,0.0023704,0.05,3.6396e+05,32.556
50000,0.24144,0.0023704,0.05,3.6396e+05,32.556
50000,0.24144,0.0023704,0.05,3.6396e+05,32.556
50000,0.24144,0.0023704,0.05,3.6396e+05,32.556
50000,0.24621,0.0024172,0.05,3.6937e+05,31.267
50000,0.24621,0.0024172,0.05,3.6937e+05,31.267
50000,0.24621,0.0024172,0.05,3.6937e+05,31.267
50000,0.24621,0.0024172,0.05,3.6937e+05,31.267
50000,0.24621,0.0024172,0.05,3.6937e+05,31.267
50000,0.25108,0.002465,0.05,3.7455e+05,29.997
50000,0.25108,0.002465,0.05,3.7455e+05,29.997
50000,0.25108,0.002465,0.05,3.7455e+05,29.997
50000,0.25108,0.002465,0.05,3.7455e+05,29.997
50000,0.25108,0.002465,0.05,3.7455e+05,29.997
50000,0.25604,0.0025137,0.05,3.7949e+05,28.746
50000,0.25604,0.0025137,0.05,3.7949e+05,28.746
50000,0.25604,0.0025137,0.05,3.7949e+05,28.746
50000,0.25604,0.0025137,0.05,3.7949e+05,28.746
50000,0.25604,0.0025137,0.05,3.7949e+05,28.746
50000,0.2611,0.0025634,0.05,3.8418e+05,27.516
50000,0.2611,0.0025634,0.05,3.8418e+05,27.516
50000,0.2611,0.0025634,0.05,3.8418e+05,27.516
50000,0.2611,0.0025634,0.05,3.8418e+05,27.516
50000,0.2611,0.0025634,0.05,3.8418e+05,27.516
50000,0.26626,0.0026141,0.05,3.8861e+05,26.306
50000,0.26626,0.0026141,0.05,3.8861e+05,26.306
50000,0.26626,0.0026141,0.05,3.8861e+05,26.306
50000,0.26626,0.0026141,0.05,3.8861e+05,26.306
50000,0.26626,0.0026141,0.05,3.8861e+05,26.306
50000,0.27153,0.0026658,0.05,3.9276e+05,25.118
50000,0.27153,0.0026658,0.05,3.9276e+05,25.118
50000,0.27153,0.0026658,0.05,3.9276e+05,25.118
50000,0.27153,0.0026658,0.05,3.9276e+05,25.118
50000,0.27153,0.0026658,0.05,3.9276e+05,25.118
50000,0.27153,0.0026658,0.05,3.9276e+05,25.118
50000,0.2769,0.0027185,0.05,3.9664e+05,23.952
50000,0.2769,0.0027185,0.05,3.9664e+05,23.952
50000,0.2769,0.0027185,0.05,3.9664e+05,23.952
50000,0.2769,0.0027185,0.05,3.9664e+05,23.952
50000,0.2769,0.0027185,0.05,3.9664e+05,23.952
50000,0.28237,0.0027723,0.05,4.0022e+05,22.81
50000,0.28237,0.0027723,0.05,4.0022e+05,22.81
50000,0.28237,0.0027723,0.05,4.0022e+05,22.81
50000,0.28237,0.0027723,0.05,4.0022e+05,22.81
50000,0.28237,0.0027723,0.05,4.0022e+05,22.81
50000,0.28237,0.0027723,0.05,4.0022e+05,22.81
50000,0.28796,0.0028271,0.05,4.035e+05,21.692
50000,0.28796,0.0028271,0.05,4.035e+05,21.692
50000,0.28796,0.0028271,0.05,4.035e+05,21.692
50000,0.28796,0.0028271,0.05,4.035e+05,21.692
50000,0.28796,0.0028271,0.05,4.035e+05,21.692
50000,0.29365,0.002883,0.05,4.0648e+05,20.599
50000,0.29365,0.002883,0.05,4.0648e+05,20.599
50000,0.29365,0.002883,0.05,4.0648e+05,20.599
50000,0.29365,0.002883,0.05,4.0648e+05,20.599
50000,0.29365,0.002883,0.05,4.0648e+05,20.599
50000,0.29365,0.002883,0.05,4.0648e+05,20.599
50000,0.29946,0.00294,0.05,4.0913e+05,19.532
50000,0.29946,0.00294,0.05,4.0913e+05,19.532
50000,0.29946,0.00294,0.05,4.0913e+05,19.532
50000,0.29946,0.00294,0.05,4.0913e+05,19.532
50000,0.29946,0.00294,0.05,4.0913e+05,19.532
50000,0.29946,0.00294,0.05,4.0913e+05,19.532
50000,0.30538,0.0029982,0.05,4.1145e+05,18.491
50000,0.30538,0.0029982,0.05,4.1145e+05,18.491
50000,0.30538,0.0029982,0.05,4.1145e+05,18.491
50000,0.30538,0.0029982,0.05,4.1145e+05,18.491
50000,0.30538,0.0029982,0.05,4.1145e+05,18.491
50000,0.30538,0.0029982,0.05,4.1145e+05,18.491
50000,0.31142,0.0030575,0.05,4.1343e+05,17.477
50000,0.31142,0.0030575,0.05,4.1343e+05,17.477
50000,0.31142,0.0030575,0.05,4.1343e+05,17.477
50000,0.31142,0.0030575,0.05,4.1343e+05,17.477
50000,0.31142,0.0030575,0.05,4.1343e+05,17.477
50000,0.31142,0.0030575,0.05,4.1343e+05,17.477
50000,0.31758,0.003118,0.05,4.1507e+05,16.491
50000,0.31758,0.003118,0.05,4.1507e+05,16.491
50000,0.31758,0.003118,0.05,4.1507e+05,16.491
50000,0.31758,0.003118,0.05,4.1507e+05,16.491
50000,0.31758,0.003118,0.05,4.1507e+05,16.491
50000,0.31758,0.003118,0.05,4.1507e+05,16.491
50000,0.32386,0.0031796,0.05,4.1635e+05,15.534
50000,0.32386,0.0031796,0.05,4.1635e+05,15.534
50000,0.32386,0.0031796,0.05,4.1635e+05,15.534
50000,0.32386,0.0031796,0.05,4.1635e+05,15.534
50000,0.32386,0.0031796,0.05,4.1635e+05,15.534
50000,0.32386,0.0031796,0.05,4.1635e+05,15.534
50000,0.32386,0.0031796,0.05,4.1635e+05,15.534
50000,0.33027,0.0032425,0.05,4.1727e+05,14.605
50000,0.33027,0.0032425,0.05,4.1727e+05,14.605
50000,0.33027,0.0032425,0.05,4.1727e+05,14.605
50000,0.33027,0.0032425,0.05,4.1727e+05,14.605
50000,0.33027,0.0032425,0.05,4.1727e+05,14.605
50000,0.33027,0.0032425,0.05,4.1727e+05,14.605
50000,0.3368,0.0033067,0.05,4.1782e+05,13.707
50000,0.3368,0.0033067,0.05,4.1782e+05,13.707
50000,0.3368,0.0033067,0.05,4.1782e+05,13.707
50000,0.3368,0.0033067,0.05,4.1782e+05,13.707
50000,0.3368,0.0033067,0.05,4.1782e+05,13.707
50000,0.3368,0.0033067,0.05,4.1782e+05,13.707
50000,0.3368,0.0033067,0.05,4.1782e+05,13.707
50000,0.34347,0.0033721,0.05,4.1799e+05,12.839
50000,0.34347,0.0033721,0.05,4.1799e+05,12.839
50000,0.34347,0.0033721,0.05,4.1799e+05,12.839
50000,0.34347,0.0033721,0.05,4.1799e+05,12.839
50000,0.34347,0.0033721,0.05,4.1799e+05,12.839
50000,0.34347,0.0033721,0.05,4.1799e+05,12.839
50000,0.35026,0.0034388,0.05,4.1778e+05,12.002
50000,0.35026,0.0034388,0.05,4.1778e+05,12.002
50000,0.35026,0.0034388,0.05,4.1778e+05,12.002
50000,0.35026,0.0034388,0.05,4.1778e+05,12.002
50000,0.35026,0.0034388,0.05,4.1778e+05,12.002
50000,0.35026,0.0034388,0.05,4.1778e+05,12.002
50000,0.35026,0.0034388,0.05,4.1778e+05,12.002
50000,0.35719,0.0035069,0.05,4.1719e+05,11.195
50000,0.35719,0.0035069,0.05,4.1719e+05,11.195
50000,0.35719,0.0035069,0.05,4.1719e+05,11.195
50000,0.35719,0.0035069,0.05,4.1719e+05,11.195
50000,0.35719,0.0035069,0.05,4.1719e+05,11.195
50000,0.35719,0.0035069,0.05,4.1719e+05,11.195
50000,0.35719,0.0035069,0.05,4.1719e+05,11.195
50000,0.36426,0.0035762,0.05,4.162e+05,10.421
50000,0.36426,0.0035762,0.05,4.162e+05,10.421
50000,0.36426,0.0035762,0.05,4.162e+05,10.421
50000,0.36426,0.0035762,0.05,4.162e+05,10.421
50000,0.36426,0.0035762,0.05,4.162e+05,10.421
50000,0.36426,0.0035762,0.05,4.162e+05,10.421
50000,0.36426,0.0035762,0.05,4.162e+05,10.421
50000,0.37147,0.003647,0.05,4.1482e+05,9.6778
50000,0.37147,0.003647,0.05,4.1482e+05,9.6778
50000,0.37147,0.003647,0.05,4.1482e+05,9.6778
50000,0.37147,0.003647,0.05,4.1482e+05,9.6778
50000,0.37147,0.003647,0.05,4.1482e+05,9.6778
50000,0.37147,0.003647,0.05,4.1482e+05,9.6778
50000,0.37147,0.003647,0.05,4.1482e+05,9.6778
50000,0.37147,0.003647,0.05,4.1482e+05,9.6778
50000,0.37882,0.0037192,0.05,4.1305e+05,8.9668
50000,0.37882,0.0037192,0.05,4.1305e+05,8.9668
50000,0.37882,0.0037192,0.05,4.1305e+05,8.9668
50000,0.37882,0.0037192,0.05,4.1305e+05,8.9668
50000,0.37882,0.0037192,0.05,4.1305e+05,8.9668
50000,0.37882,0.0037192,0.05,4.1305e+05,8.9668
50000,0.37882,0.0037192,0.05,4.1305e+05,8.9668
50000,0.38632,0.0037928,0.05,4.1087e+05,8.288
50000,0.38632,0.0037928,0.05,4.1087e+05,8.288
50000,0.38632,0.0037928,0.05,4.1087e+05,8.288
50000,0.38632,0.0037928,0.05,4.1087e+05,8.288
50000,0.38632,0.0037928,0.05,4.1087e+05,8.288
50000,0.38632,0.0037928,0.05,4.1087e+05,8.288
50000,0.38632,0.0037928,0.05,4.1087e+05,8.288
50000,0.38632,0.0037928,0.05,4.1087e+05,8.288
50000,0.39396,0.0038678,0.05,4.083e+05,7.6412
50000,0.39396,0.0038678,0.05,4.083e+05,7.6412
50000,0.39396,0.0038678,0.05,4.083e+05,7.6412
50000,0.39396,0.0038678,0.05,4.083e+05,7.6412
50000,0.39396,0.0038678,0.05,4.083e+05,7.6412
50000,0.39396,0.0038678,0.05,4.083e+05,7.6412
50000,0.39396,0.0038678,0.05,4.083e+05,7.6412
50000,0.40176,0.0039444,0.05,4.0533e+05,7.0266
50000,0.40176,0.0039444,0.05,4.0533e+05,7.0266
50000,0.40176,0.0039444,0.05,4.0533e+05,7.0266
50000,0.40176,0.0039444,0.05,4.0533e+05,7.0266
50000,0.40176,0.0039444,0.05,4.0533e+05,7.0266
50000,0.40176,0.0039444,0.05,4.0533e+05,7.0266
50000,0.40176,0.0039444,0.05,4.0533e+05,7.0266
50000,0.40176,0.0039444,0.05,4.0533e+05,7.0266
50000,0.40971,0.0040224,0.05,4.0196e+05,6.4439
50000,0.40971,0.0040224,0.05,4.0196e+05,6.4439
50000,0.40971,0.0040224,0.05,4.0196e+05,6.4439
50000,0.40971,0.0040224,0.05,4.0196e+05,6.4439
50000,0.40971,0.0040224,0.05,4.0196e+05,6.4439
50000,0.40971,0.0040224,0.05,4.0196e+05,6.4439
50000,0.40971,0.0040224,0.05,4.0196e+05,6.4439
50000,0.40971,0.0040224,0.05,4.0196e+05,6.4439
50000,0.41782,0.004102,0.05,3.982e+05,5.8929
50000,0.41782,0.004102,0.05,3.982e+05,5.8929
50000,0.41782,0.004102,0.05,3.982e+05,5.8929
50000,0.41782,0.004102,0.05,3.982e+05,5.8929
50000,0.41782,0.004102,0.05,3.982e+05,5.8929
50000,0.41782,0.004102,0.05,3.982e+05,5.8929
50000,0.41782,0.004102,0.05,3.982e+05,5.8929
50000,0.41782,0.004102,0.05,3.982e+05,5.8929
50000,0.42609,0.0041832,0.05,3.9405e+05,5.3733
50000,0.42609,0.0041832,0.05,3.9405e+05,5.3733
50000,0.42609,0.0041832,0.05,3.9405e+05,5.3733
50000,0.42609,0.0041832,0.05,3.9405e+05,5.3733
50000,0.42609,0.0041832,0.05,3.9405e+05,5.3733
50000,0.42609,0.0041832,0.05,3.9405e+05,5.3733
50000,0.42609,0.0041832,0.05,3.9405e+05,5.3733
50000,0.42609,0.0041832,0.05,3.9405e+05,5.3733
50000,0.42609,0.0041832,0.05,3.9405e+05,5.3733
50000,0.43452,0.004266,0.05,3.8951e+05,4.8847
50000,0.43452,0.004266,0.05,3.8951e+05,4.8847
50000,0.43452,0.004266,0.05,3.8951e+05,4.8847
50000,0.43452,0.004266,0.05,3.8951e+05,4.8847
50000,0.43452,0.004266,0.05,3.8951e+05,4.8847
50000,0.43452,0.004266,0.05,3.8951e+05,4.8847
50000,0.43452,0.004266,0.05,3.8951e+05,4.8847
50000,0.43452,0.004266,0.05,3.8951e+05,4.8847
50000,0.44312,0.0043505,0.05,3.846e+05,4.4267
50000,0.44312,0.0043505,0.05,3.846e+05,4.4267
50000,0.44312,0.0043505,0.05,3.846e+05,4.4267
50000,0.44312,0.0043505,0.05,3.846e+05,4.4267
50000,0.44312,0.0043505,0.05,3.846e+05,4.4267
50000,0.44312,0.0043505,0.05,3.846e+05,4.4267
50000,0.44312,0.0043505,0.05,3.846e+05,4.4267
50000,0.44312,0.0043505,0.05,3.846e+05,4.4267
50000,0.44312,0.0043505,0.05,3.846e+05,4.4267
50000,0.45189,0.0044366,0.05,3.7932e+05,3.9985
50000,0.45189,0.0044366,0.05,3.7932e+05,3.9985
50000,0.45189,0.0044366,0.05,3.7932e+05,3.9985
50000,0.45189,0.0044366,0.05,3.7932e+05,3.9985
50000,0.45189,0.0044366,0.05,3.7932e+05,3.9985
50000,0.45189,0.0044366,0.05,3.7932e+05,3.9985
50000,0.45189,0.0044366,0.05,3.7932e+05,3.9985
50000,0.45189,0.0044366,0.05,3.7932e+05,3.9985
50000,0.45189,0.0044366,0.05,3.7932e+05,3.9985
50000,0.46084,0.0045244,0.05,3.7368e+05,3.5995
50000,0.46084,0.0045244,0.05,3.7368e+05,3.5995
50000,0.46084,0.0045244,0.05,3.7368e+05,3.5995
50000,0.46084,0.0045244,0.05,3.7368e+05,3.5995
50000,0.46084,0.0045244,0.05,3.7368e+05,3.5995
50000,0.46084,0.0045244,0.05,3.7368e+05,3.5995
50000,0.46084,0.0045244,0.05,3.7368e+05,3.5995
50000,0.46084,0.0045244,0.05,3.7368e+05,3.5995
50000,0.46084,0.0045244,0.05,3.7368e+05,3.5995
50000,0.46996,0.004614,0.05,3.6768e+05,3.2291
50000,0.46996,0.004614,0.05,3.6768e+05,3.2291
50000,0.46996,0.004614,0.05,3.6768e+05,3.2291
50000,0.46996,0.004614,0.05,3.6768e+05,3.2291
50000,0.46996,0.004614,0.05,3.6768e+05,3.2291
50000,0.46996,0.004614,0.05,3.6768e+05,3.2291
50000,0.46996,0.004614,0.05,3.6768e+05,3.2291
50000,0.46996,0.004614,0.05,3.6768e+05,3.2291
50000,0.46996,0.004614,0.05,3.6768e+05,3.2291
50000,0.47926,0.0047053,0.05,3.6134e+05,2.8862
50000,0.47926,0.0047053,0.05,3.6134e+05,2.8862
50000,0.47926,0.0047053,0.05,3.6134e+05,2.8862
50000,0.47926,0.0047053,0.05,3.6134e+05,2.8862
50000,0.47926,0.0047053,0.05,3.6134e+05,2.8862
50000,0.47926,0.0047053,0.05,3.6134e+05,2.8862
50000,0.47926,0.0047053,0.05,3.6134e+05,2.8862
50000,0.47926,0.0047053,0.05,3.6134e+05,2.8862
50000,0.47926,0.0047053,0.05,3.6134e+05,2.8862
50000,0.48875,0.0047985,0.05,3.5467e+05,2.57
50000,0.48875,0.0047985,0.05,3.5467e+05,2.57
50000,0.48875,0.0047985,0.05,3.5467e+05,2.57
50000,0.48875,0.0047985,0.05,3.5467e+05,2.57
50000,0.48875,0.0047985,0.05,3.5467e+05,2.57
50000,0.48875,0.0047985,0.05,3.5467e+05,2.57
50000,0.48875,0.0047985,0.05,3.5467e+05,2.57
50000,0.48875,0.0047985,0.05,3.5467e+05,2.57
50000,0.48875,0.0047985,0.05,3.5467e+05,2.57
50000,0.48875,0.0047985,0.05,3.5467e+05,2.57
50000,0.49843,0.0048935,0.05,3.4768e+05,2.2795
50000,0.49843,0.0048935,0.05,3.4768e+05,2.2795
50000,0.49843,0.0048935,0.05,3.4768e+05,2.2795
50000,0.49843,0.0048935,0.05,3.4768e+05,2.2795
50000,0.49843,0.0048935,0.05,3.4768e+05,2.2795
50000,0.49843,0.0048935,0.05,3.4768e+05,2.2795
50000,0.49843,0.0048935,0.05,3.4768e+05,2.2795
50000,0.49843,0.0048935,0.05,3.4768e+05,2.2795
50000,0.49843,0.0048935,0.05,3.4768e+05,2.2795
50000,0.49843,0.0048935,0.05,3.4768e+05,2.2795
50000,0.5083,0.0049903,0.05,3.4039e+05,2.0137
50000,0.5083,0.0049903,0.05,3.4039e+05,2.0137
50000,0.5083,0.0049903,0.05,3.4039e+05,2.0137
50000,0.5083,0.0049903,0.05,3.4039e+05,2.0137
50000,0.5083,0.0049903,0.05,3.4039e+05,2.0137
50000,0.5083,0.0049903,0.05,3.4039e+05,2.0137
50000,0.5083,0.0049903,0.05,3.4039e+05,2.0137
50000,0.5083,0.0049903,0.05,3.4039e+05,2.0137
50000,0.5083,0.0049903,0.05,3.4039e+05,2.0137
50000,0.5083,0.0049903,0.05,3.4039e+05,2.0137
50000,0.51836,0.0050891,0.05,3.328e+05,1.7714
50000,0.51836,0.0050891,0.05,3.328e+05,1.7714
50000,0.51836,0.0050891,0.05,3.328e+05,1.7714
50000,0.51836,0.0050891,0.05,3.328e+05,1.7714
50000,0.51836,0.0050891,0.05,3.328e+05,1.7714
50000,0.51836,0.0050891,0.05,3.328e+05,1.7714
50000,0.51836,0.0050891,0.05,3.328e+05,1.7714
50000,0.51836,0.0050891,0.05,3.328e+05,1.7714
50000,0.51836,0.0050891,0.05,3.328e+05,1.7714
50000,0.51836,0.0050891,0.05,3.328e+05,1.7714
50000,0.52862,0.0051899,0.05,3.2494e+05,1.5515
50000,0.52862,0.0051899,0.05,3.2494e+05,1.5515
50000,0.52862,0.0051899,0.05,3.2494e+05,1.5515
50000,0.52862,0.0051899,0.05,3.2494e+05,1.5515
50000,0.52862,0.0051899,0.05,3.2494e+05,1.5515
50000,0.52862,0.0051899,0.05,3.2494e+05,1.5515
50000,0.52862,0.0051899,0.05,3.2494e+05,1.5515
50000,0.52862,0.0051899,0.05,3.2494e+05,1.5515
50000,0.52862,0.0051899,0.05,3.2494e+05,1.5515
50000,0.52862,0.0051899,0.05,3.2494e+05,1.5515
50000,0.53909,0.0052927,0.05,3.1681e+05,1.3528
50000,0.53909,0.0052927,0.05,3.1681e+05,1.3528
50000,0.53909,0.0052927,0.05,3.1681e+05,1.3528
50000,0.53909,0.0052927,0.05,3.1681e+05,1.3528
50000,0.53909,0.0052927,0.05,3.1681e+05,1.3528
50000,0.53909,0.0052927,0.05,3.1681e+05,1.3528
50000,0.53909,0.0052927,0.05,3.1681e+05,1.3528
50000,0.53909,0.0052927,0.05,3.1681e+05,1.3528
50000,0.53909,0.0052927,0.05,3.1681e+05,1.3528
50000,0.53909,0.0052927,0.05,3.1681e+05,1.3528
50000,0.53909,0.0052927,0.05,3.1681e+05,1.3528
50000,0.54976,0.0053975,0.05,3.0844e+05,1.174
50000,0.54976,0.0053975,0.05,3.0844e+05,1.174
50000,0.54976,0.0053975,0.05,3.0844e+05,1.174
50000,0.54976,0.0053975,0.05,3.0844e+05,1.174
50000,0.54976,0.0053975,0.05,3.0844e+05,1.174
50000,0.54976,0.0053975,0.05,3.0844e+05,1.174
50000,0.54976,0.0053975,0.05,3.0844e+05,1.174
50000,0.54976,0.0053975,0.05,3.0844e+05,1.174
50000,0.54976,0.0053975,0.05,3.0844e+05,1.174
50000,0.54976,0.0053975,0.05,3.0844e+05,1.174
50000,0.54976,0.0053975,0.05,3.0844e+05,1.174
50000,0.56065,0.0055043,0.05,2.9983e+05,1.0139
50000,0.56065,0.0055043,0.05,2.9983e+05,1.0139
50000,0.56065,0.0055043,0.05,2.9983e+05,1.0139
50000,0.56065,0.0055043,0.05,2.9983e+05,1.0139
50000,0.56065,0.0055043,0.05,2.9983e+05,1.0139
50000,0.56065,0.0055043,0.05,2.9983e+05,1.0139
50000,0.56065,0.0055043,0.05,2.9983e+05,1.0139
50000,0.56065,0.0055043,0.05,2.9983e+05,1.0139
50000,0.56065,0.0055043,0.05,2.9983e+05,1.0139
50000,0.56065,0.0055043,0.05,2.9983e+05,1.0139
50000,0.56065,0.0055043,0.05,2.9983e+05,1.0139
50000,0.57175,0.0056133,0.05,2.9101e+05,0.87123
50000,0.57175,0.0056133,0.05,2.9101e+05,0.87123
50000,0.57175,0.0056133,0.05,2.9101e+05,0.87123
50000,0.57175,0.0056133,0.05,2.9101e+05,0.87123
50000,0.57175,0.0056133,0.05,2.9101e+05,0.87123
50000,0.57175,0.0056133,0.05,2.9101e+05,0.87123
50000,0.57175,0.0056133,0.05,2.9101e+05,0.87123
50000,0.57175,0.0056133,0.05,2.9101e+05,0.87123
50000,0.57175,0.0056133,0.05,2.9101e+05,0.87123
50000,0.57175,0.0056133,0.05,2.9101e+05,0.87123
50000,0.57175,0.0056133,0.05,2.9101e+05,0.87123
50000,0.58307,0.0057245,0.05,2.8199e+05,0.74476
50000,0.58307,0.0057245,0.05,2.8199e+05,0.74476
50000,0.58307,0.0057245,0.05,2.8199e+05,0.74476
50000,0.58307,0.0057245,0.05,2.8199e+05,0.74476
50000,0.58307,0.0057245,0.05,2.8199e+05,0.74476
50000,0.58307,0.0057245,0.05,2.8199e+05,0.74476
50000,0.58307,0.0057245,0.05,2.8199e+05,0.74476
50000,0.58307,0.0057245,0.05,2.8199e+05,0.74476
50000,0.58307,0.0057245,0.05,2.8199e+05,0.74476
50000,0.58307,0.0057245,0.05,2.8199e+05,0.74476
50000,0.58307,0.0057245,0.05,2.8199e+05,0.74476
50000,0.59462,0.0058378,0.05,2.7279e+05,0.63322
50000,0.59462,0.0058378,0.05,2.7279e+05,0.63322
50000,0.59462,0.0058378,0.05,2.7279e+05,0.63322
50000,0.59462,0.0058378,0.05,2.7279e+05,0.63322
50000,0.59462,0.0058378,0.05,2.7279e+05,0.63322
50000,0.59462,0.0058378,0.05,2.7279e+05,0.63322
50000,0.59462,0.0058378,0.05,2.7279e+05,0.63322
50000,0.59462,0.0058378,0.05,2.7279e+05,0.63322
50000,0.59462,0.0058378,0.05,2.7279e+05,0.63322
50000,0.59462,0.0058378,0.05,2.7279e+05,0.63322
50000,0.59462,0.0058378,0.05,2.7279e+05,0.63322
50000,0.59462,0.0058378,0.05,2.7279e+05,0.63322
50000,0.60639,0.0059535,0.05,2.6341e+05,0.53539
50000,0.60639,0.0059535,0.05,2.6341e+05,0.53539
50000,0.60639,0.0059535,0.05,2.6341e+05,0.53539
50000,0.60639,0.0059535,0.05,2.6341e+05,0.53539
50000,0.60639,0.0059535,0.05,2.6341e+05,0.53539
50000,0.60639,0.0059535,0.05,2.6341e+05,0.53539
50000,0.60639,0.0059535,0.05,2.6341e+05,0.53539
50000,0.60639,0.0059535,0.05,2.6341e+05,0.53539
50000,0.60639,0.0059535,0.05,2.6341e+05,0.53539
50000,0.60639,0.0059535,0.05,2.6341e+05,0.53539
50000,0.60639,0.0059535,0.05,2.6341e+05,0.53539
50000,0.60639,0.0059535,0.05,2.6341e+05,0.53539
50000,0.6184,0.0060714,0.05,2.5388e+05,0.45006
50000,0.6184,0.0060714,0.05,2.5388e+05,0.45006
50000,0.6184,0.0060714,0.05,2.5388e+05,0.45006
50000,0.6184,0.0060714,0.05,2.5388e+05,0.45006
50000,0.6184,0.0060714,0.05,2.5388e+05,0.45006
50000,0.6184,0.0060714,0.05,2.5388e+05,0.45006
50000,0.6184,0.0060714,0.05,2.5388e+05,0.45006
50000,0.6184,0.0060714,0.05,2.5388e+05,0.45006
50000,0.6184,0.0060714,0.05,2.5388e+05,0.45006
50000,0.6184,0.0060714,0.05,2.5388e+05,0.45006
50000,0.6184,0.0060714,0.05,2.5388e+05,0.45006
50000,0.6184,0.0060714,0.05,2.5388e+05,0.45006
50000,0.63065,0.0061916,0.05,2.4421e+05,0.37607
50000,0.63065,0.0061916,0.05,2.4421e+05,0.37607
50000,0.63065,0.0061916,0.05,2.4421e+05,0.37607
50000,0.63065,0.0061916,0.05,2.4421e+05,0.37607
50000,0.63065,0.0061916,0.05,2.4421e+05,0.37607
50000,0.63065,0.0061916,0.05,2.4421e+05,0.37607
50000,0.63065,0.0061916,0.05,2.4421e+05,0.37607
50000,0.63065,0.0061916,0.05,2.4421e+05,0.37607
50000,0.63065,0.0061916,0.05,2.4421e+05,0.37607
50000,0.63065,0.0061916,0.05,2.4421e+05,0.37607
50000,0.63065,0.0061916,0.05,2.4421e+05,0.37607
50000,0.63065,0.0061916,0.05,2.4421e+05,0.37607
50000,0.64314,0.0063142,0.05,2.3441e+05,0.3123
50000,0.64314,0.0063142,0.05,2.3441e+05,0.3123
50000,0.64314,0.0063142,0.05,2.3441e+05,0.3123
50000,0.64314,0.0063142,0.05,2.3441e+05,0.3123
50000,0.64314,0.0063142,0.05,2.3441e+05,0.3123
50000,0.64314,0.0063142,0.05,2.3441e+05,0.3123
50000,0.64314,0.0063142,0.05,2.3441e+05,0.3123
50000,0.64314,0.0063142,0.05,2.3441e+05,0.3123
50000,0.64314,0.0063142,0.05,2.3441e+05,0.3123
50000,0.64314,0.0063142,0.05,2.3441e+05,0.3123
50000,0.64314,0.0063142,0.05,2.3441e+05,0.3123
50000,0.64314,0.0063142,0.05,2.3441e+05,0.3123
50000,0.64314,0.0063142,0.05,2.3441e+05,0.3123
50000,0.65588,0.0064393,0.05,2.2449e+05,0.25768
50000,0.65588,0.0064393,0.05,2.2449e+05,0.25768
50000,0.65588,0.0064393,0.05,2.2449e+05,0.25768
50000,0.65588,0.0064393,0.05,2.2449e+05,0.25768
50000,0.65588,0.0064393,0.05,2.2449e+05,0.25768
50000,0.65588,0.0064393,0.05,2.2449e+05,0.25768
50000,0.65588,0.0064393,0.05,2.2449e+05,0.25768
50000,0.65588,0.0064393,0.05,2.2449e+05,0.25768
50000,0.65588,0.0064393,0.05,2.2449e+05,0.25768
50000,0.65588,0.0064393,0.05,2.2449e+05,0.25768
50000,0.65588,0.0064393,0.05,2.2449e+05,0.25768
50000,0.65588,0.0064393,0.05,2.2449e+05,0.25768
50000,0.65588,0.0064393,0.05,2.2449e+05,0.25768
50000,0.66887,0.0065668,0.05,2.1448e+05,0.21121
50000,0.66887,0.0065668,0.05,2.1448e+05,0.21121
50000,0.66887,0.0065668,0.05,2.1448e+05,0.21121
50000,0.66887,0.0065668,0.05,2.1448e+05,0.21121
50000,0.66887,0.0065668,0.05,2.1448e+05,0.21121
50000,0.66887,0.0065668,0.05,2.1448e+05,0.21121
50000,0.66887,0.0065668,0.05,2.1448e+05,0.21121
50000,0.66887,0.0065668,0.05,2.1448e+05,0.21121
50000,0.66887,0.0065668,0.05,2.1448e+05,0.21121
50000,0.66887,0.0065668,0.05,2.1448e+05,0.21121
50000,0.66887,0.0065668,0.05,2.1448e+05,0.21121
50000,0.66887,0.0065668,0.05,2.1448e+05,0.21121
50000,0.66887,0.0065668,0.05,2.1448e+05,0.21121
50000,0.68211,0.0066969,0.05,2.0438e+05,0.17193
50000,0.68211,0.0066969,0.05,2.0438e+05,0.17193
50000,0.68211,0.0066969,0.05,2.0438e+05,0.17193
50000,0.68211,0.0066969,0.05,2.0438e+05,0.17193
50000,0.68211,0.0066969,0.05,2.0438e+05,0.17193
50000,0.68211,0.0066969,0.05,2.0438e+05,0.17193
50000,0.68211,0.0066969,0.05,2.0438e+05,0.17193
50000,0.68211,0.0066969,0.05,2.0438e+05,0.17193
50000,0.68211,0.0066969,0.05,2.0438e+05,0.17193
50000,0.68211,0.0066969,0.05,2.0438e+05,0.17193
50000,0.68211,0.0066969,0.05,2.0438e+05,0.17193
50000,0.68211,0.0066969,0.05,2.0438e+05,0.17193
50000,0.68211,0.0066969,0.05,2.0438e+05,0.17193
50000,0.69562,0.0068295,0.05,1.9419e+05,0.13897
50000,0.69562,0.0068295,0.05,1.9419e+05,0.13897
50000,0.69562,0.0068295,0.05,1.9419e+05,0.13897
50000,0.69562,0.0068295,0.05,1.9419e+05,0.13897
50000,0.69562,0.0068295,0.05,1.9419e+05,0.13897
50000,0.69562,0.0068295,0.05,1.9419e+05,0.13897
50000,0.69562,0.0068295,0.05,1.9419e+05,0.13897
50000,0.69562,0.0068295,0.05,1.9419e+05,0.13897
50000,0.69562,0.0068295,0.05,1.9419e+05,0.13897
50000,0.69562,0.0068295,0.05,1.9419e+05,0.13897
50000,0.69562,0.0068295,0.05,1.9419e+05,0.13897
50000,0.69562,0.0068295,0.05,1.9419e+05,0.13897
50000,0.69562,0.0068295,0.05,1.9419e+05,0.13897
50000,0.69562,0.0068295,0.05,1.9419e+05,0.13897
50000,0.7094,0.0069648,0.05,1.8394e+05,0.1115
50000,0.7094,0.0069648,0.05,1.8394e+05,0.1115
50000,0.7094,0.0069648,0.05,1.8394e+05,0.1115
50000,0.7094,0.0069648,0.05,1.8394e+05,0.1115
50000,0.7094,0.0069648,0.05,1.8394e+05,0.1115
50000,0.7094,0.0069648,0.05,1.8394e+05,0.1115
50000,0.7094,0.0069648,0.05,1.8394e+05,0.1115
50000,0.7094,0.0069648,0.05,1.8394e+05,0.1115
50000,0.7094,0.0069648,0.05,1.8394e+05,0.1115
50000,0.7094,0.0069648,0.05,1.8394e+05,0.1115
50000,0.7094,0.0069648,0.05,1.8394e+05,0.1115
50000,0.7094,0.0069648,0.05,1.8394e+05,0.1115
50000,0.7094,0.0069648,0.05,1.8394e+05,0.1115
50000,0.7094,0.0069648,0.05,1.8394e+05,0.1115
50000,0.72345,0.0071027,0.05,1.7363e+05,0.088788
50000,0.72345,0.0071027,0.05,1.7363e+05,0.088788
50000,0.72345,0.0071027,0.05,1.7363e+05,0.088788
50000,0.72345,0.0071027,0.05,1.7363e+05,0.088788
50000,0.72345,0.0071027,0.05,1.7363e+05,0.088788
50000,0.72345,0.0071027,0.05,1.7363e+05,0.088788
50000,0.72345,0.0071027,0.05,1.7363e+05,0.088788
50000,0.72345,0.0071027,0.05,1.7363e+05,0.088788
50000,0.72345,0.0071027,0.05,1.7363e+05,0.088788
50000,0.72345,0.0071027,0.05,1.7363e+05,0.088788
50000,0.72345,0.0071027,0.05,1.7363e+05,0.088788
50000,0.72345,0.0071027,0.05,1.7363e+05,0.088788
50000,0.72345,0.0071027,0.05,1.7363e+05,0.088788
50000,0.72345,0.0071027,0.05,1.7363e+05,0.088788
50000,0.73778,0.0072434,0.05,1.6327e+05,0.070147
50000,0.73778,0.0072434,0.05,1.6327e+05,0.070147
50000,0.73778,0.0072434,0.05,1.6327e+05,0.070147
50000,0.73778,0.0072434,0.05,1.6327e+05,0.070147
50000,0.73778,0.0072434,0.05,1.6327e+05,0.070147
50000,0.73778,0.0072434,0.05,1.6327e+05,0.070147
50000,0.73778,0.0072434,0.05,1.6327e+05,0.070147
50000,0.73778,0.0072434,0.05,1.6327e+05,0.070147
50000,0.73778,0.0072434,0.05,1.6327e+05,0.070147
50000,0.73778,0.0072434,0.05,1.6327e+05,0.070147
50000,0.73778,0.0072434,0.05,1.6327e+05,0.070147
50000,0.73778,0.0072434,0.05,1.6327e+05,0.070147
50000,0.73778,0.0072434,0.05,1.6327e+05,0.070147
50000,0.73778,0.0072434,0.05,1.6327e+05,0.070147
50000,0.73778,0.0072434,0.05,1.6327e+05,0.070147
50000,0.7524,0.0073869,0.05,1.5287e+05,0.054971
50000,0.7524,0.0073869,0.05,1.5287e+05,0.054971
50000,0.7524,0.0073869,0.05,1.5287e+05,0.054971
50000,0.7524,0.0073869,0.05,1.5287e+05,0.054971
50000,0.7524,0.0073869,0.05,1.5287e+05,0.054971
50000,0.7524,0.0073869,0.05,1.5287e+05,0.054971
50000,0.7524,0.0073869,0.05,1.5287e+05,0.054971
50000,0.7524,0.0073869,0.05,1.5287e+05,0.054971
50000,0.7524,0.0073869,0.05,1.5287e+05,0.054971
50000,0.7524,0.0073869,0.05,1.5287e+05,0.054971
50000,0.7524,0.0073869,0.05,1.5287e+05,0.054971
50000,0.7524,0.0073869,0.05,1.5287e+05,0.054971
50000,0.7524,0.0073869,0.05,1.5287e+05,0.054971
50000,0.7524,0.0073869,0.05,1.5287e+05,0.054971
50000,0.7673,0.0075332,0.05,1.4243e+05,0.042717
50000,0.7673,0.0075332,0.05,1.4243e+05,0.042717
50000,0.7673,0.0075332,0.05,1.4243e+05,0.042717
50000,0.7673,0.0075332,0.05,1.4243e+05,0.042717
50000,0.7673,0.0075332,0.05,1.4243e+05,0.042717
50000,0.7673,0.0075332,0.05,1.4243e+05,0.042717
50000,0.7673,0.0075332,0.05,1.4243e+05,0.042717
50000,0.7673,0.0075332,0.05,1.4243e+05,0.042717
50000,0.7673,0.0075332,0.05,1.4243e+05,0.042717
50000,0.7673,0.0075332,0.05,1.4243e+05,0.042717
50000,0.7673,0.0075332,0.05,1.4243e+05,0.042717
50000,0.7673,0.0075332,0.05,1.4243e+05,0.042717
50000,0.7673,0.0075332,0.05,1.4243e+05,0.042717
50000,0.7673,0.0075332,0.05,1.4243e+05,0.042717
50000,0.7673,0.0075332,0.05,1.4243e+05,0.042717
50000,0.7825,0.0076824,0.05,1.3196e+05,0.032908
50000,0.7825,0.0076824,0.05,1.3196e+05,0.032908
50000,0.7825,0.0076824,0.05,1.3196e+05,0.032908
50000,0.7825,0.0076824,0.05,1.3196e+05,0.032908
50000,0.7825,0.0076824,0.05,1.3196e+05,0.032908
50000,0.7825,0.0076824,0.05,1.3196e+05,0.032908
50000,0.7825,0.0076824,0.05,1.3196e+05,0.032908
50000,0.7825,0.0076824,0.05,1.3196e+05,0.032908
50000,0.7825,0.0076824,0.05,1.3196e+05,0.032908
50000,0.7825,0.0076824,0.05,1.3196e+05,0.032908
50000,0.7825,0.0076824,0.05,1.3196e+05,0.032908
50000,0.7825,0.0076824,0.05,1.3196e+05,0.032908
50000,0.7825,0.0076824,0.05,1.3196e+05,0.032908
50000,0.7825,0.0076824,0.05,1.3196e+05,0.032908
50000,0.7825,0.0076824,0.05,1.3196e+05,0.032908
50000,0.7825,0.0076824,0.05,1.3196e+05,0.032908
50000,0.798,0.0078346,0.05,1.2147e+05,0.025123
50000,0.798,0.0078346,0.05,1.2147e+05,0.025123
50000,0.798,0.0078346,0.05,1.2147e+05,0.025123
50000,0.798,0.0078346,0.05,1.2147e+05,0.025123
50000,0.798,0.0078346,0.05,1.2147e+05,0.025123
50000,0.798,0.0078346,0.05,1.2147e+05,0.025123
50000,0.798,0.0078346,0.05,1.2147e+05,0.025123
50000,0.798,0.0078346,0.05,1.2147e+05,0.025123
50000,0.798,0.0078346,0.05,1.2147e+05,0.025123
50000,0.798,0.0078346,0.05,1.2147e+05,0.025123
50000,0.798,0.0078346,0.05,1.2147e+05,0.025123
50000,0.798,0.0078346,0.05,1.2147e+05,0.025123
50000,0.798,0.0078346,0.05,1.2147e+05,0.025123
50000,0.798,0.0078346,0.05,1.2147e+05,0.025123
50000,0.798,0.0078346,0.05,1.2147e+05,0.025123
50000,0.81381,0.0079898,0.05,1.1095e+05,0.019002
50000,0.81381,0.0079898,0.05,1.1095e+05,0.019002
50000,0.81381,0.0079898,0.05,1.1095e+05,0.019002
50000,0.81381,0.0079898,0.05,1.1095e+05,0.019002
50000,0.81381,0.0079898,0.05,1.1095e+05,0.019002
50000,0.81381,0.0079898,0.05,1.1095e+05,0.019002
50000,0.81381,0.0079898,0.05,1.1095e+05,0.019002
50000,0.81381,0.0079898,0.05,1.1095e+05,0.019002
50000,0.81381,0.0079898,0.05,1.1095e+05,0.019002
50000,0.81381,0.0079898,0.05,1.1095e+05,0.019002
50000,0.81381,0.0079898,0.05,1.1095e+05,0.019002
50000,0.81381,0.0079898,0.05,1.1095e+05,0.019002
50000,0.81381,0.0079898,0.05,1.1095e+05,0.019002
50000,0.81381,0.0079898,0.05,1.1095e+05,0.019002
50000,0.81381,0.0079898,0.05,1.1095e+05,0.019002
50000,0.81381,0.0079898,0.05,1.1095e+05,0.019002
50000,0.82993,0.0081481,0.05,1.0041e+05,0.014231
50000,0.82993,0.0081481,0.05,1.0041e+05,0.014231
50000,0.82993,0.0081481,0.05,1.0041e+05,0.014231
50000,0.82993,0.0081481,0.05,1.0041e+05,0.014231
50000,0.82993,0.0081481,0.05,1.0041e+05,0.014231
50000,0.82993,0.0081481,0.05,1.0041e+05,0.014231
50000,0.82993,0.0081481,0.05,1.0041e+05,0.014231
50000,0.82993,0.0081481,0.05,1.0041e+05,0.014231
50000,0.82993,0.0081481,0.05,1.0041e+05,0.014231
50000,0.82993,0.0081481,0.05,1.0041e+05,0.014231
50000,0.82993,0.0081481,0.05,1.0041e+05,0.014231
50000,0.82993,0.0081481,0.05,1.0041e+05,0.014231
50000,0.82993,0.0081481,0.05,1.0041e+05,0.014231
50000,0.82993,0.0081481,0.05,1.0041e+05,0.014231
50000,0.82993,0.0081481,0.05,1.0041e+05,0.014231
50000,0.82993,0.0081481,0.05,1.0041e+05,0.014231
50000,0.82993,0.0081481,0.05,1.0041e+05,0.014231
50000,0.84637,0.0083095,0.05,89867,0.010549
50000,0.84637,0.0083095,0.05,89867,0.010549
50000,0.84637,0.0083095,0.05,89867,0.010549
50000,0.84637,0.0083095,0.05,89867,0.010549
50000,0.84637,0.0083095,0.05,89867,0.010549
50000,0.84637,0.0083095,0.05,89867,0.010549
50000,0.84637,0.0083095,0.05,89867,0.010549
50000,0.84637,0.0083095,0.05,89867,0.010549
50000,0.84637,0.0083095,0.05,89867,0.010549
50000,0.84637,0.0083095,0.05,89867,0.010549
50000,0.84637,0.0083095,0.05,89867,0.010549
50000,0.84637,0.0083095,0.05,89867,0.010549
50000,0.84637,0.0083095,0.05,89867,0.010549
50000,0.84637,0.0083095,0.05,89867,0.010549
50000,0.84637,0.0083095,0.05,89867,0.010549
50000,0.84637,0.0083095,0.05,89867,0.010549
50000,0.86314,0.0084741,0.05,79309,0.0077325
50000,0.86314,0.0084741,0.05,79309,0.0077325
50000,0.86314,0.0084741,0.05,79309,0.0077325
50000,0.86314,0.0084741,0.05,79309,0.0077325
50000,0.86314,0.0084741,0.05,79309,0.0077325
50000,0.86314,0.0084741,0.05,79309,0.0077325
50000,0.86314,0.0084741,0.05,79309,0.0077325
50000,0.86314,0.0084741,0.05,79309,0.0077325
50000,0.86314,0.0084741,0.05,79309,0.0077325
50000,0.86314,0.0084741,0.05,79309,0.0077325
50000,0.86314,0.0084741,0.05,79309,0.0077325
50000,0.86314,0.0084741,0.05,79309,0.0077325
50000,0.86314,0.0084741,0.05,79309,0.0077325
50000,0.86314,0.0084741,0.05,79309,0.0077325
50000,0.86314,0.0084741,0.05,79309,0.0077325
50000,0.86314,0.0084741,0.05,79309,0.0077325
50000,0.86314,0.0084741,0.05,79309,0.0077325
50000,0.88024,0.008642,0.05,68742,0.0055971
50000,0.88024,0.008642,0.05,68742,0.0055971
50000,0.88024,0.008642,0.05,68742,0.0055971
50000,0.88024,0.008642,0.05,68742,0.0055971
50000,0.88024,0.008642,0.05,68742,0.0055971
50000,0.88024,0.008642,0.05,68742,0.0055971
50000,0.88024,0.008642,0.05,68742,0.0055971
50000,0.88024,0.008642,0.05,68742,0.0055971
50000,0.88024,0.008642,0.05,68742,0.0055971
50000,0.88024,0.008642,0.05,68742,0.0055971
50000,0.88024,0.008642,0.05,68742,0.0055971
50000,0.88024,0.008642,0.05,68742,0.0055971
50000,0.88024,0.008642,0.05,68742,0.0055971
50000,0.88024,0.008642,0.05,68742,0.0055971
50000,0.88024,0.008642,0.05,68742,0.0055971
50000,0.88024,0.008642,0.05,68742,0.0055971
50000,0.88024,0.008642,0.05,68742,0.0055971
50000,0.89767,0.0088132,0.05,58168,0.0039904
50000,0.89767,0.0088132,0.05,58168,0.0039904
50000,0.89767,0.0088132,0.05,58168,0.0039904
50000,0.89767,0.0088132,0.05,58168,0.0039904
50000,0.89767,0.0088132,0.05,58168,0.0039904
50000,0.89767,0.0088132,0.05,58168,0.0039904
50000,0.89767,0.0088132,0.05,58168,0.0039904
50000,0.89767,0.0088132,0.05,58168,0.0039904
50000,0.89767,0.0088132,0.05,58168,0.0039904
50000,0.89767,0.0088132,0.05,58168,0.0039904
50000,0.89767,0.0088132,0.05,58168,0.0039904
50000,0.89767,0.0088132,0.05,58168,0.0039904
50000,0.89767,0.0088132,0.05,58168,0.0039904
50000,0.89767,0.0088132,0.05,58168,0.0039904
50000,0.89767,0.0088132,0.05,58168,0.0039904
50000,0.89767,0.0088132,0.05,58168,0.0039904
50000,0.89767,0.0088132,0.05,58168,0.0039904
50000,0.89767,0.0088132,0.05,58168,0.0039904
50000,0.91546,0.0089878,0.05,47589,0.0027872
50000,0.91546,0.0089878,0.05,47589,0.0027872
50000,0.91546,0.0089878,0.05,47589,0.0027872
50000,0.91546,0.0089878,0.05,47589,0.0027872
50000,0.91546,0.0089878,0.05,47589,0.0027872
50000,0.91546,0.0089878,0.05,47589,0.0027872
50000,0.91546,0.0089878,0.05,47589,0.0027872
50000,0.91546,0.0089878,0.05,47589,0.0027872
50000,0.91546,0.0089878,0.05,47589,0.0027872
50000,0.91546,0.0089878,0.05,47589,0.0027872
50000,0.91546,0.0089878,0.05,47589,0.0027872
50000,0.91546,0.0089878,0.05,47589,0.0027872
50000,0.91546,0.0089878,0.05,47589,0.0027872
50000,0.91546,0.0089878,0.05,47589,0.0027872
50000,0.91546,0.0089878,0.05,47589,0.0027872
50000,0.91546,0.0089878,0.05,47589,0.0027872
50000,0.91546,0.0089878,0.05,47589,0.0027872
50000,0.91546,0.0089878,0.05,47589,0.0027872
50000,0.93359,0.0091658,0.05,37006,0.0018853
50000,0.93359,0.0091658,0.05,37006,0.0018853
50000,0.93359,0.0091658,0.05,37006,0.0018853
50000,0.93359,0.0091658,0.05,37006,0.0018853
50000,0.93359,0.0091658,0.05,37006,0.0018853
50000,0.93359,0.0091658,0.05,37006,0.0018853
50000,0.93359,0.0091658,0.05,37006,0.0018853
50000,0.93359,0.0091658,0.05,37006,0.0018853
50000,0.93359,0.0091658,0.05,37006,0.0018853
50000,0.93359,0.0091658,0.05,37006,0.0018853
50000,0.93359,0.0091658,0.05,37006,0.0018853
50000,0.93359,0.0091658,0.05,37006,0.0018853
50000,0.93359,0.0091658,0.05,37006,0.0018853
50000,0.93359,0.0091658,0.05,37006,0.0018853
50000,0.93359,0.0091658,0.05,37006,0.0018853
50000,0.93359,0.0091658,0.05,37006,0.0018853
50000,0.93359,0.0091658,0.05,37006,0.0018853
50000,0.93359,0.0091658,0.05,37006,0.0018853
50000,0.95209,0.0093474,0.05,26420,0.0012005
50000,0.95209,0.0093474,0.05,26420,0.0012005
50000,0.95209,0.0093474,0.05,26420,0.0012005
50000,0.95209,0.0093474,0.05,26420,0.0012005
50000,0.95209,0.0093474,0.05,26420,0.0012005
50000,0.95209,0.0093474,0.05,26420,0.0012005
50000,0.95209,0.0093474,0.05,26420,0.0012005
50000,0.95209,0.0093474,0.05,26420,0.0012005
50000,0.95209,0.0093474,0.05,26420,0.0012005
50000,0.95209,0.0093474,0.05,26420,0.0012005
50000,0.95209,0.0093474,0.05,26420,0.0012005
50000,0.95209,0.0093474,0.05,26420,0.0012005
50000,0.95209,0.0093474,0.05,26420,0.0012005
50000,0.95209,0.0093474,0.05,26420,0.0012005
50000,0.95209,0.0093474,0.05,26420,0.0012005
50000,0.95209,0.0093474,0.05,26420,0.0012005
50000,0.95209,0.0093474,0.05,26420,0.0012005
50000,0.95209,0.0093474,0.05,26420,0.0012005
50000,0.95209,0.0093474,0.05,26420,0.0012005
50000,0.97095,0.0095326,0.05,15832,0.00066249
50000,0.97095,0.0095326,0.05,15832,0.00066249
50000,0.97095,0.0095326,0.05,15832,0.00066249
50000,0.97095,0.0095326,0.05,15832,0.00066249
50000,0.97095,0.0095326,0.05,15832,0.00066249
50000,0.97095,0.0095326,0.05,15832,0.00066249
50000,0.97095,0.0095326,0.05,15832,0.00066249
50000,0.97095,0.0095326,0.05,15832,0.00066249
50000,0.97095,0.0095326,0.05,15832,0.00066249
50000,0.97095,0.0095326,0.05,15832,0.00066249
50000,0.97095,0.0095326,0.05,15832,0.00066249
50000,0.97095,0.0095326,0.05,15832,0.00066249
50000,0.97095,0.0095326,0.05,15832,0.00066249
50000,0.97095,0.0095326,0.05,15832,0.00066249
50000,0.97095,0.0095326,0.05,15832,0.00066249
50000,0.97095,0.0095326,0.05,15832,0.00066249
50000,0.97095,0.0095326,0.05,15832,0.00066249
50000,0.97095,0.0095326,0.05,15832,0.00066249
50000,0.97095,0.0095326,0.05,15832,0.00066249
50000,0.99019,0.0097215,0.05,5242.9,0.00020997
50000,0.99019,0.0097215,0.05,5242.9,0.00020997
50000,0.99019,0.0097215,0.05,5242.9,0.00020997
50000,0.99019,0.0097215,0.05,5242.9,0.00020997
50000,0.99019,0.0097215,0.05,5242.9,0.00020997
50000,0.99019,0.0097215,0.05,5242.9,0.00020997
50000,0.99019,0.0097215,0.05,5242.9,0.00020997
50000,0.99019,0.0097215,0.05,5242.9,0.00020997
50000,0.99019,0.0097215,0.05,5242.9,0.00020997
50000,0.99019,0.0097215,0.05,5242.9,0.00020997
50000,0.99019,0.0097215,0.05,5242.9,0.00020997
50000,0.99019,0.0097215,0.05,5242.9,0.00020997
50000,0.99019,0.0097215,0.05,5242.9,0.00020997
50000,0.99019,0.0097215,0.05,5242.9,0.00020997
50000,0.99019,0.0097215,0.05,5242.9,0.00020997
50000,0.99019,0.0097215,0.05,5242.9,0.00020997
50000,0.99019,0.0097215,0.05,5242.9,0.00020997
50000,0.99019,0.0097215,0.05,5242.9,0.00020997
50000,0.99019,0.0097215,0.05,5242.9,0.00020997
50000,nan,nan,nan,nan,nan
